YearsExperience,Skills,JobRole,JobRole_label,Education_Bachelors,Education_Masters,Education_PhD,YearsExperience_scaled,Communication,Data Analysis,Deep Learning,Excel,Java,Leadership,Machine Learning,Project Management,Python,SQL
1,"Leadership, Deep Learning, Communication, Project Management, SQL",Project Manager,3,False,True,False,-1.646056673825364,0.4747463393571843,0.0,0.4298024613325241,0.0,0.0,0.4164630591803901,0.0,0.4666680120884865,0.0,0.4457187951286646
4,"Project Management, Java, Leadership, Python",Data Analyst,0,True,False,False,-0.6093519807233153,0.0,0.0,0.0,0.0,0.5155292142206885,0.46398777241549655,0.0,0.5199218672903138,0.49862433579525395,0.0
10,"Deep Learning, Data Analysis, Project Management, SQL, Leadership, Machine Learning",Data Analyst,0,True,False,False,1.4640574054807818,0.0,0.4091639816496849,0.39617040144198473,0.0,0.0,0.3838748080449092,0.41767612941026583,0.43015122136816486,0.0,0.4108412814782514
6,"Excel, Python, Project Management, Leadership, Deep Learning, SQL",Project Manager,3,False,False,True,0.08178448134471705,0.0,0.0,0.39701925390180426,0.41004067473687345,0.0,0.3846973154151863,0.0,0.4310728826558929,0.41341486734125,0.4117215684232348
10,"Data Analysis, Project Management, Deep Learning, Java, Communication",Data Scientist,1,False,False,True,1.4640574054807818,0.4657388711056952,0.4354769076510358,0.42164772330946404,0.0,0.45394589367729427,0.0,0.0,0.45781381574320407,0.0,0.0
2,"Java, SQL, Leadership",Data Scientist,1,False,False,True,-1.3004884427913477,0.0,0.0,0.0,0.0,0.6043553788449209,0.5439332985260046,0.0,0.0,0.0,0.5821435757747676
4,"Deep Learning, Excel, Java",Data Analyst,0,True,False,False,-0.6093519807233153,0.0,0.0,0.5567822616884457,0.5750435829510665,0.5994317231978128,0.0,0.0,0.0,0.0,0.0
4,"Communication, Excel, Java, SQL, Machine Learning, Leadership",ML Engineer,2,True,False,False,-0.6093519807233153,0.43087913228491553,0.0,0.0,0.4028822237949168,0.41996883856315353,0.3779813064200563,0.41126368739595753,0.0,0.0,0.40453377259982176
6,"Python, Data Analysis, Machine Learning, Leadership, Java, Project Management",Project Manager,3,False,True,False,0.08178448134471705,0.0,0.4038761149881563,0.0,0.0,0.4210048816184942,0.3789137682400925,0.4122782552593689,0.42459212427042475,0.40719957991307343,0.0
1,"Communication, Python, Java, Project Management, Machine Learning, Leadership",ML Engineer,2,True,False,False,-1.646056673825364,0.4269632562865679,0.0,0.0,0.0,0.41615211649016176,0.37454617156498593,0.40752607867509505,0.41969801034351967,0.4025059433118132,0.0
4,"Deep Learning, Project Management, Machine Learning, Java",Data Analyst,0,False,True,False,-0.6093519807233153,0.0,0.0,0.4740728594941731,0.0,0.5103867896691723,0.0,0.4998074472279309,0.5147356258485642,0.0,0.0
1,"Project Management, Data Analysis, Deep Learning, Machine Learning, Leadership, Python",ML Engineer,2,False,False,True,-1.646056673825364,0.0,0.4088796567830498,0.3958951057131168,0.0,0.0,0.3836080564282056,0.4173858895183955,0.4298523126319772,0.4122442954615973,0.0
2,"Python, Deep Learning, Machine Learning, Java, Excel",Data Scientist,1,False,False,True,-1.3004884427913477,0.0,0.0,0.4294752650584561,0.4435611767859569,0.4623730242844591,0.0,0.45278891541152294,0.0,0.44721120697688893,0.0
5,"Machine Learning, Data Analysis, Leadership, Python",Project Manager,3,False,True,False,-0.26378374968929913,0.0,0.5038712445768886,0.0,0.0,0.0,0.4727285048685114,0.5143536591551552,0.0,0.508017561593122,0.0
8,"Deep Learning, SQL, Python, Leadership, Communication, Java",Data Analyst,0,True,False,False,0.7729209434127494,0.43399043931110315,0.0,0.39290489161698644,0.0,0.42300136416092926,0.38071064698523055,0.0,0.0,0.4091305951769773,0.4074548441363931
7,"Python, Leadership, Deep Learning",Data Scientist,1,False,False,True,0.42735271237873323,0.0,0.0,0.5751316682169337,0.0,0.0,0.5572818108918082,0.0,0.0,0.5988827493451065,0.0
10,"Project Management, Machine Learning, SQL, Excel, Data Analysis, Communication",Data Analyst,0,False,False,True,1.4640574054807818,0.4261198164447412,0.3984321504315034,0.0,0.3984321504315034,0.0,0.0,0.40672103579077884,0.41886892255142744,0.0,0.4000654568992909
6,"SQL, Python, Excel, Leadership, Communication",Data Scientist,1,False,True,False,0.08178448134471705,0.4759759592671364,0.0,0.0,0.44504882825390885,0.0,0.41754172209334933,0.0,0.0,0.44871110021228083,0.44687323205486
3,"Deep Learning, Communication, Project Management, Machine Learning, Python, Leadership",Data Analyst,0,False,False,True,-0.9549202117573314,0.43212937188678996,0.0,0.391220010042631,0.0,0.0,0.3790780576030356,0.4124570107905455,0.4247762188466948,0.40737613343311396,0.0
8,"Data Analysis, Leadership, Python, Java",Software Engineer,4,False,False,True,0.7729209434127494,0.0,0.5010437372533082,0.0,0.0,0.5222934743100687,0.47007575712002,0.0,0.0,0.5051667869331825,0.0
9,"Project Management, Java, Deep Learning",Data Analyst,0,False,False,True,1.1184891744467655,0.0,0.0,0.5473419426531012,0.0,0.5892682767371924,0.0,0.0,0.5942892358472504,0.0,0.0
10,"Excel, Deep Learning, Python",Data Scientist,1,False,True,False,1.4640574054807818,0.0,0.0,0.5633493859449261,0.5818260954734293,0.0,0.0,0.0,0.0,0.5866138968534741,0.0
8,"Deep Learning, Communication, Excel, Java, Data Analysis",Software Engineer,4,False,True,False,0.7729209434127494,0.47045610921128067,0.43988763733309366,0.4259183840400291,0.43988763733309366,0.4585436865616306,0.0,0.0,0.0,0.0,0.0
7,"Deep Learning, Project Management, Python, Data Analysis",Data Analyst,0,True,False,False,0.42735271237873323,0.0,0.49633823866327753,0.48057631678487145,0.0,0.0,0.0,0.0,0.5217969057587426,0.5004225671637162,0.0
9,"SQL, Project Management, Machine Learning",Data Analyst,0,False,True,False,1.1184891744467655,0.0,0.0,0.0,0.0,0.0,0.0,0.5746587782453818,0.5918226059056965,0.0,0.5652550678450531
4,"Java, Leadership, SQL, Machine Learning, Excel",Software Engineer,4,False,False,True,-0.6093519807233153,0.0,0.0,0.0,0.4464515916355845,0.46538602435164916,0.41885778496306253,0.4557394617472853,0.0,0.0,0.44828174583218416
8,"Excel, Machine Learning, Python, Communication",Software Engineer,4,False,True,False,0.7729209434127494,0.5217107637257922,0.0,0.0,0.48781195680789285,0.0,0.0,0.49796027787707725,0.0,0.49182612320258984,0.0
6,"Python, Deep Learning, Machine Learning",Project Manager,3,False,True,False,0.08178448134471705,0.0,0.0,0.5593830036451363,0.0,0.0,0.0,0.5897485702363949,0.0,0.5824837157698689,0.0
7,"Deep Learning, SQL, Java, Excel, Python, Data Analysis",Data Scientist,1,False,True,False,0.42735271237873323,0.0,0.4065962157762472,0.3936841786009923,0.4065962157762472,0.423840344444302,0.0,0.0,0.0,0.4099420641975534,0.40826298947482065
5,"SQL, Data Analysis, Excel, Java, Leadership",Data Analyst,0,False,True,False,-0.26378374968929913,0.0,0.4483339353323365,0.0,0.4483339353323365,0.4673482000184118,0.42062378675616235,0.0,0.0,0.0,0.4501718058844842
5,"Machine Learning, Deep Learning, SQL, Communication, Leadership",Data Scientist,1,False,True,False,-0.26378374968929913,0.47772921180725725,0.0,0.4325029474966054,0.0,0.0,0.41907973272311677,0.45598095266934624,0.0,0.0,0.44851928499925353
8,"Leadership, Data Analysis, Machine Learning, Excel, Python",Data Scientist,1,False,True,False,0.7729209434127494,0.0,0.44997719858657464,0.0,0.44997719858657464,0.0,0.4221654849372794,0.45933841456609,0.0,0.4536800257185005,0.0
3,"Communication, Data Analysis, Leadership, Excel",Project Manager,3,False,True,False,-0.9549202117573314,0.5331475008205944,0.4985055776599348,0.0,0.4985055776599348,0.0,0.46769447340397735,0.0,0.0,0.0,0.0
4,"Communication, Machine Learning, Leadership, Java, SQL",Project Manager,3,False,False,True,-0.6093519807233153,0.4707765860645167,0.0,0.0,0.0,0.45885604861807594,0.41298066139572404,0.4493448399272866,0.0,0.0,0.44199176553858566
7,"Project Management, Communication, SQL, Data Analysis, Deep Learning",Data Analyst,0,False,False,True,0.42735271237873323,0.46924044623431166,0.43875096357275345,0.4248178069605732,0.0,0.0,0.0,0.0,0.4612558077481609,0.0,0.44054955032278176
9,"Project Management, Communication, Deep Learning",Project Manager,3,False,True,False,1.1184891744467655,0.5991267472415457,0.0,0.5424078697757494,0.0,0.0,0.0,0.0,0.5889319515403276,0.0,0.0
10,"SQL, Java, Communication, Deep Learning",Data Analyst,0,False,True,False,1.4640574054807818,0.5233468694135588,0.0,0.4738020158495293,0.0,0.5100951994304069,0.0,0.0,0.0,0.0,0.4913477297902202
7,"Python, Java, Communication",Data Analyst,0,False,False,True,0.42735271237873323,0.5935249778127278,0.0,0.0,0.0,0.5784963274234646,0.0,0.0,0.0,0.559526674851132,0.0
7,"Excel, Python, SQL, Machine Learning",Software Engineer,4,False,True,False,0.42735271237873323,0.0,0.0,0.0,0.4958777122610057,0.0,0.0,0.5061938313410043,0.0,0.4999582511257413,0.4979104806352206
3,"Excel, Data Analysis, Communication, SQL, Machine Learning, Python",Software Engineer,4,True,False,False,-0.9549202117573314,0.42915166657956666,0.4012670023261728,0.0,0.4012670023261728,0.0,0.0,0.4096148632534088,0.0,0.40456899706729976,0.40291192979876567
2,"Deep Learning, SQL, Data Analysis, Excel",ML Engineer,2,False,False,True,-1.3004884427913477,0.0,0.503427988979185,0.4874409220647693,0.503427988979185,0.0,0.0,0.0,0.0,0.0,0.5054917084595895
1,"Communication, Data Analysis, Python, Machine Learning",Project Manager,3,False,False,True,-1.646056673825364,0.5217107637257922,0.48781195680789285,0.0,0.0,0.0,0.0,0.49796027787707725,0.0,0.49182612320258984,0.0
5,"Python, Project Management, Machine Learning, Leadership, Communication",Project Manager,3,False,True,False,-0.26378374968929913,0.4695541616335503,0.0,0.0,0.0,0.0,0.41190831059292177,0.44817806543909966,0.46156418493738255,0.44265715604681555,0.0
2,"Project Management, Excel, Deep Learning, Machine Learning, Communication, SQL",Project Manager,3,False,False,True,-1.3004884427913477,0.42824975712627916,0.0,0.38770767548656615,0.40042369556338003,0.0,0.0,0.40875401254223764,0.4209626199669053,0.0,0.40206516603987336
2,"Machine Learning, Communication, SQL, Leadership, Java, Excel",Data Analyst,0,False,True,False,-1.3004884427913477,0.43087913228491553,0.0,0.0,0.4028822237949168,0.41996883856315353,0.3779813064200563,0.41126368739595753,0.0,0.0,0.40453377259982176
1,"Data Analysis, Excel, Leadership, Project Management, Python, SQL",Software Engineer,4,False,True,False,-1.646056673825364,0.0,0.40790293682565487,0.0,0.40790293682565487,0.0,0.3826917045424728,0.0,0.42882549379784085,0.4112595381521545,0.40957506721027703
9,"Communication, Leadership, Excel",Data Scientist,1,True,False,False,1.1184891744467655,0.6150141986117429,0.0,0.0,0.5750528847572645,0.0,0.5395106256954575,0.0,0.0,0.0,0.0
8,"Project Management, Machine Learning, Python, Leadership",Software Engineer,4,True,False,False,0.7729209434127494,0.0,0.0,0.0,0.0,0.0,0.46653822484595747,0.507618306520388,0.5227797787890954,0.501365178818973,0.0
8,"Python, Leadership, Deep Learning, Excel, Java",ML Engineer,2,False,False,True,0.7729209434127494,0.0,0.0,0.43648030738714,0.45079597019908524,0.4699146521039642,0.4229336507819803,0.0,0.0,0.45450553493849694,0.0
10,"Communication, Data Analysis, Java, Python, Deep Learning",Project Manager,3,False,False,True,1.4640574054807818,0.46970571627295293,0.43918600211091363,0.4252390302354342,0.0,0.45781229432849013,0.0,0.0,0.0,0.4428000293320406,0.0
9,"SQL, Project Management, Communication, Deep Learning, Leadership",Project Manager,3,False,False,True,1.1184891744467655,0.4747463393571843,0.0,0.4298024613325241,0.0,0.0,0.4164630591803901,0.0,0.4666680120884865,0.0,0.4457187951286646
8,"Excel, Machine Learning, SQL, Deep Learning",Project Manager,3,True,False,False,0.7729209434127494,0.0,0.0,0.4848647255752843,0.5007672985053057,0.0,0.0,0.5111851393459337,0.0,0.0,0.5028201109267415
10,"SQL, Deep Learning, Java, Machine Learning, Excel",Software Engineer,4,False,True,False,1.4640574054807818,0.0,0.0,0.4298267880035462,0.44392422896585415,0.4627514738494289,0.0,0.4531595204404946,0.0,0.0,0.4457440226586881
9,"Communication, Excel, Python, Leadership",Software Engineer,4,True,False,False,1.1184891744467655,0.5320561146751184,0.0,0.0,0.497485105689114,0.0,0.46673707368288114,0.0,0.0,0.5015788716685035,0.0
8,"Data Analysis, Deep Learning, Project Management, Excel",Software Engineer,4,False,False,True,0.7729209434127494,0.0,0.4973516549495498,0.4815575506054575,0.4973516549495498,0.0,0.0,0.0,0.5228623031858007,0.0,0.0
1,"Machine Learning, Data Analysis, SQL, Deep Learning, Leadership, Project Management",Data Scientist,1,True,False,False,-1.646056673825364,0.0,0.4091639816496849,0.39617040144198473,0.0,0.0,0.3838748080449092,0.41767612941026583,0.43015122136816486,0.0,0.4108412814782514
10,"Java, Python, Excel, Leadership",Data Analyst,0,False,False,True,1.4640574054807818,0.0,0.0,0.0,0.5010437372533082,0.5222934743100687,0.47007575712002,0.0,0.0,0.5051667869331825,0.0
8,"Machine Learning, SQL, Java, Project Management, Excel, Communication",ML Engineer,2,False,True,False,0.7729209434127494,0.4232199327510762,0.0,0.0,0.39572069029405155,0.4125035776778272,0.0,0.40395316709741297,0.41601838354475956,0.0,0.3973428815810615
5,"Communication, Python, SQL",Data Analyst,0,False,False,True,-0.26378374968929913,0.6008234218101252,0.0,0.0,0.0,0.0,0.0,0.0,0.0,0.566407049315742,0.5640871123238032
5,"Python, Project Management, Leadership, SQL",Data Scientist,1,False,True,False,-0.26378374968929913,0.0,0.0,0.0,0.0,0.0,0.46850166593919845,0.0,0.5249799142672309,0.5034751902658128,0.5014130148041334
6,"Project Management, Machine Learning, Deep Learning, Communication, Excel",Project Manager,3,False,True,False,0.08178448134471705,0.46772016921654824,0.0,0.4234414534219093,0.4373294684484646,0.0,0.0,0.4464275641324508,0.45976139990361786,0.0,0.0
7,"Communication, SQL, Excel",Project Manager,3,False,True,False,0.42735271237873323,0.6023963716412037,0.0,0.0,0.5632549168157841,0.0,0.0,0.0,0.0,0.0,0.5655638868566105
8,"Communication, Python, Data Analysis, Leadership",ML Engineer,2,False,False,True,0.7729209434127494,0.5320561146751184,0.497485105689114,0.0,0.0,0.0,0.46673707368288114,0.0,0.0,0.5015788716685035,0.0
8,"Communication, Project Management, SQL, Excel, Deep Learning",Data Scientist,1,False,True,False,0.7729209434127494,0.46924044623431166,0.0,0.4248178069605732,0.43875096357275345,0.0,0.0,0.0,0.4612558077481609,0.0,0.44054955032278176
1,"Machine Learning, SQL, Leadership",ML Engineer,2,False,True,False,-1.646056673825364,0.0,0.0,0.0,0.0,0.0,0.5480550313427646,0.5963129108703791,0.0,0.0,0.5865548524640953
7,"Data Analysis, Project Management, Machine Learning",ML Engineer,2,True,False,False,0.42735271237873323,0.0,0.5636816271940874,0.0,0.0,0.0,0.0,0.5754083223964739,0.592594537336197,0.0,0.0
5,"Data Analysis, Project Management, Communication, Excel, Leadership",Software Engineer,4,False,True,False,-0.26378374968929913,0.47222724947408734,0.44154369555050677,0.0,0.44154369555050677,0.0,0.41425323091613125,0.0,0.464191787269968,0.0,0.0
2,"Leadership, Deep Learning, Excel",Data Analyst,0,True,False,False,-1.3004884427913477,0.0,0.0,0.5768157493702932,0.5957341281215265,0.0,0.5589136246949717,0.0,0.0,0.0,0.0
8,"Excel, Python, Communication",Data Scientist,1,False,True,False,0.7729209434127494,0.6016038517914922,0.0,0.0,0.5625138919307769,0.0,0.0,0.0,0.0,0.5671427747001019,0.0
10,"Machine Learning, Communication, Leadership, Python, Java, Data Analysis",ML Engineer,2,False,True,False,1.4640574054807818,0.43058883156123856,0.40261078572247166,0.0,0.0,0.41968588854626565,0.3777266451042292,0.410986602392003,0.0,0.4059238383519425,0.0
6,"Python, Data Analysis, Leadership",ML Engineer,2,False,False,True,0.08178448134471705,0.0,0.5875513902901273,0.0,0.0,0.0,0.5512366368485696,0.0,0.0,0.5923863046729023,0.0
4,"Deep Learning, Machine Learning, Data Analysis",Project Manager,3,True,False,False,-0.6093519807233153,0.0,0.5793295548077475,0.5609321264546072,0.0,0.0,0.0,0.5913817856827935,0.0,0.0,0.0
3,"Python, Java, Machine Learning, Deep Learning",Data Scientist,1,False,True,False,-0.9549202117573314,0.0,0.0,0.4791945254844832,0.0,0.5159007747248476,0.0,0.5052071379145109,0.0,0.4989837123436309,0.0
5,"Machine Learning, Leadership, Communication, Data Analysis, Python, Project Management",ML Engineer,2,False,False,True,-0.26378374968929913,0.42994131492188237,0.40200534228355495,0.0,0.0,0.0,0.3771586222715274,0.41036856345533024,0.4226253940598574,0.4053134127663759,0.0
6,"Leadership, Java, Data Analysis, SQL, Excel, Communication",Data Analyst,0,False,True,False,0.08178448134471705,0.4323568013774506,0.4042638794970079,0.0,0.4042638794970079,0.42140909158557716,0.3792775662112675,0.0,0.0,0.0,0.40592109217013245
3,"Excel, Communication, Leadership, Python",Project Manager,3,False,True,False,-0.9549202117573314,0.5320561146751184,0.0,0.0,0.497485105689114,0.0,0.46673707368288114,0.0,0.0,0.5015788716685035,0.0
8,"Leadership, SQL, Communication",Data Scientist,1,False,True,False,0.7729209434127494,0.6141804800500844,0.0,0.0,0.0,0.0,0.5387792604296316,0.0,0.0,0.0,0.5766274763279557
10,"Deep Learning, Machine Learning, Python, Java",Project Manager,3,False,False,True,1.4640574054807818,0.0,0.0,0.4791945254844832,0.0,0.5159007747248476,0.0,0.5052071379145109,0.0,0.4989837123436309,0.0
5,"Deep Learning, Communication, Python, Excel",Data Scientist,1,True,False,False,-0.26378374968929913,0.5283238404289243,0.0,0.47830782077112405,0.49399534061243155,0.0,0.0,0.0,0.0,0.49806038958826926,0.0
7,"Leadership, Project Management, Python, Data Analysis, Excel, SQL",Project Manager,3,False,True,False,0.42735271237873323,0.0,0.40790293682565487,0.0,0.40790293682565487,0.0,0.3826917045424728,0.0,0.42882549379784085,0.4112595381521545,0.40957506721027703
5,"SQL, Project Management, Communication, Deep Learning, Leadership",Software Engineer,4,False,True,False,-0.26378374968929913,0.4747463393571843,0.0,0.4298024613325241,0.0,0.0,0.4164630591803901,0.0,0.4666680120884865,0.0,0.4457187951286646
9,"Communication, Machine Learning, Python, Data Analysis, Project Management",Data Analyst,0,False,False,True,1.1184891744467655,0.46422494051293123,0.4340613465848745,0.0,0.0,0.0,0.0,0.44309145305805503,0.45632564633231043,0.4376332034169613,0.0
8,"Machine Learning, Leadership, Project Management",Project Manager,3,False,True,False,0.7729209434127494,0.0,0.0,0.0,0.0,0.0,0.5392035730128653,0.5866820552440414,0.6042049924527167,0.0,0.0
4,"Project Management, Leadership, Deep Learning, Python",Data Analyst,0,True,False,False,-0.6093519807233153,0.0,0.0,0.4878284722687876,0.0,0.0,0.4726881676910063,0.0,0.5296711021338477,0.5079742132560815,0.0
6,"Leadership, Python, Java, Data Analysis",Software Engineer,4,False,True,False,0.08178448134471705,0.0,0.5010437372533082,0.0,0.0,0.5222934743100687,0.47007575712002,0.0,0.0,0.5051667869331825,0.0
5,"Machine Learning, Java, Python, Excel",Data Scientist,1,False,True,False,-0.26378374968929913,0.0,0.0,0.0,0.49116562633718325,0.5119964234013277,0.0,0.5013837163299625,0.0,0.4952073898158293,0.0
7,"Project Management, SQL, Data Analysis",Data Scientist,1,False,True,False,0.42735271237873323,0.0,0.566735320111911,0.0,0.0,0.0,0.0,0.0,0.5958048632622209,0.0,0.5690585574883625
10,"Java, Python, Excel, Data Analysis",Software Engineer,4,False,False,True,1.4640574054807818,0.0,0.49367542395259023,0.0,0.49367542395259023,0.5146126638987184,0.0,0.0,0.0,0.49773784035928503,0.0
1,"Machine Learning, SQL, Deep Learning, Project Management, Data Analysis",Data Scientist,1,False,True,False,-1.646056673825364,0.0,0.4431130200518849,0.4290413401745248,0.0,0.0,0.0,0.4523314353339715,0.4658416071008072,0.0,0.44492948832842283
3,"Java, SQL, Project Management, Machine Learning",ML Engineer,2,True,False,False,-0.9549202117573314,0.0,0.0,0.0,0.0,0.5061145868710895,0.0,0.4956237990266641,0.5104270210305427,0.0,0.48751341622212724
3,"Deep Learning, Communication, Machine Learning, Data Analysis, Java",Project Manager,3,False,False,True,-0.9549202117573314,0.4685541610871574,0.4381092706581379,0.4241964919108937,0.0,0.45668989768014157,0.0,0.44722358915725563,0.0,0.0,0.0
5,"Java, SQL, Excel, Data Analysis",Data Scientist,1,True,False,False,-0.26378374968929913,0.0,0.4941761040623389,0.0,0.4941761040623389,0.5151345783237387,0.0,0.0,0.0,0.0,0.4962018969761811
2,"Deep Learning, Java, SQL, Machine Learning, Python",Data Scientist,1,False,True,False,-1.3004884427913477,0.0,0.0,0.4291285907399237,0.0,0.461999794750321,0.0,0.4524234222121231,0.0,0.446850216128213,0.4450199699342362
3,"Python, Project Management, Communication",Project Manager,3,True,False,False,-0.9549202117573314,0.5918325914460238,0.0,0.0,0.0,0.0,0.0,0.0,0.5817619137690646,0.5579312317750632,0.0
8,"Python, Data Analysis, Project Management, Leadership, Machine Learning, Excel",Software Engineer,4,False,False,True,0.7729209434127494,0.0,0.4067599327502796,0.0,0.4067599327502796,0.0,0.38161934605123865,0.4152220672634263,0.4276238616378713,0.41010712838574537,0.0
6,"Python, Deep Learning, Data Analysis",Data Scientist,1,False,False,True,0.08178448134471705,0.0,0.5818260954734293,0.5633493859449261,0.0,0.0,0.0,0.0,0.0,0.5866138968534741,0.0
5,"Leadership, Machine Learning, Deep Learning, Project Management, Communication",Data Analyst,0,True,False,False,-0.26378374968929913,0.47317209725181947,0.0,0.4283772515404165,0.0,0.0,0.4150820823750112,0.4516312972891552,0.465120557431224,0.0,0.0
6,"Python, Data Analysis, Communication, Deep Learning, Machine Learning",Project Manager,3,False,True,False,0.08178448134471705,0.47173829503305525,0.4410865115335116,0.42707918629672587,0.0,0.0,0.0,0.4502627678262441,0.0,0.44471617789785867,0.0
8,"Python, SQL, Java, Project Management",Software Engineer,4,False,True,False,0.7729209434127494,0.0,0.0,0.0,0.0,0.5076435411166375,0.0,0.0,0.5119690029869843,0.4909972442447784,0.48898617698980756
8,"SQL, Data Analysis, Java, Python, Project Management, Machine Learning",ML Engineer,2,False,False,True,0.7729209434127494,0.0,0.3997244819983676,0.0,0.0,0.4166771739613066,0.0,0.40804025270861766,0.4202275416548441,0.4030137834605033,0.40136308616490857
3,"Data Analysis, Deep Learning, SQL, Project Management",Project Manager,3,False,False,True,-0.9549202117573314,0.0,0.49684707271838374,0.4810689920957969,0.0,0.0,0.0,0.0,0.5223318394286007,0.0,0.4988838148248964
8,"Machine Learning, Deep Learning, Data Analysis, Project Management",Project Manager,3,False,False,True,0.7729209434127494,0.0,0.49478566199156515,0.4790730443784836,0.0,0.0,0.0,0.505079062323892,0.5201646928036526,0.0,0.0
8,"Leadership, Deep Learning, SQL, Excel",ML Engineer,2,True,False,False,0.7729209434127494,0.0,0.0,0.49501326647127164,0.5112486908198824,0.0,0.4796499737352789,0.0,0.0,0.0,0.5133444699693805
4,"SQL, Communication, Java, Project Management, Deep Learning",Data Scientist,1,True,False,False,-0.6093519807233153,0.46537648778894575,0.0,0.42131964654810206,0.0,0.45359268627121063,0.0,0.0,0.45745759877422126,0.0,0.4369218469369533
5,"Deep Learning, Data Analysis, Java",Project Manager,3,False,False,True,-0.26378374968929913,0.0,0.5750435829510665,0.5567822616884457,0.0,0.5994317231978128,0.0,0.0,0.0,0.0,0.0
5,"Communication, Leadership, SQL, Deep Learning",Data Scientist,1,True,False,False,-0.26378374968929913,0.536780707530231,0.0,0.4859640826397785,0.0,0.0,0.47088164148826167,0.0,0.0,0.0,0.5039601790982531
4,"Project Management, Leadership, Machine Learning, Java, Deep Learning, Communication",Software Engineer,4,True,False,False,-0.6093519807233153,0.4296778499018564,0.0,0.3890005717957518,0.0,0.4187979738602741,0.3769275021150758,0.4101170924800218,0.42236641218478516,0.0,0.0
1,"Leadership, Excel, Communication, Machine Learning, Project Management, SQL",ML Engineer,2,False,False,True,-1.646056673825364,0.4302303070785762,0.0,0.0,0.4022755568147871,0.0,0.3774121356694796,0.4106443994638186,0.4229094686994977,0.0,0.40392461868910334
3,"Excel, SQL, Leadership",ML Engineer,2,False,True,False,-0.9549202117573314,0.0,0.0,0.0,0.5883959857608324,0.0,0.5520290304578147,0.0,0.0,0.0,0.5908080174408126
7,"Communication, Deep Learning, Project Management, Python",Data Analyst,0,False,False,True,0.42735271237873323,0.521669039072829,0.0,0.47228302444220116,0.0,0.0,0.0,0.0,0.5127922708405904,0.49178678862156205,0.0
3,"Data Analysis, Python, Leadership, Excel, SQL",ML Engineer,2,False,True,False,-0.9549202117573314,0.0,0.45152606895882896,0.0,0.45152606895882896,0.0,0.42361862437159215,0.0,0.0,0.45524164162376457,0.453377025132939
6,"Deep Learning, Excel, Project Management, Data Analysis, Leadership",Data Scientist,1,True,False,False,0.08178448134471705,0.0,0.4507011478618173,0.43638849626713466,0.4507011478618173,0.0,0.4228446891232089,0.0,0.47381895259485596,0.0,0.0
1,"Python, Excel, Machine Learning, Deep Learning, Leadership, Data Analysis",Data Scientist,1,False,True,False,-1.646056673825364,0.0,0.4125239928961326,0.39942371078506966,0.4125239928961326,0.0,0.38702714727833454,0.42110604151184655,0.0,0.41591862053118667,0.0
2,"Java, Data Analysis, Leadership, Python, Excel",ML Engineer,2,True,False,False,-1.3004884427913477,0.0,0.44795996538259925,0.0,0.44795996538259925,0.4669583696506947,0.42027293074461625,0.0,0.0,0.4516461928604481,0.0
4,"Data Analysis, SQL, Excel, Project Management",Data Scientist,1,True,False,False,-0.6093519807233153,0.0,0.4930577819421431,0.0,0.4930577819421431,0.0,0.0,0.0,0.5183481846382958,0.0,0.4950789904800759
5,"Java, SQL, Project Management, Machine Learning, Leadership, Communication",Data Scientist,1,False,False,True,-0.26378374968929913,0.4272462807493175,0.0,0.0,0.0,0.4164279744883794,0.37479444990608735,0.4077962186643686,0.4199762188360434,0.0,0.4011230454912767
6,"Deep Learning, Leadership, Python",Data Analyst,0,True,False,False,0.08178448134471705,0.0,0.0,0.5751316682169337,0.0,0.0,0.5572818108918082,0.0,0.0,0.5988827493451065,0.0
8,"Excel, Communication, Machine Learning, Project Management, Leadership",Software Engineer,4,True,False,False,0.7729209434127494,0.4703038272840445,0.0,0.0,0.43974525011382093,0.0,0.4125659418883837,0.4488936031308449,0.4623010942083858,0.0,0.0
7,"Machine Learning, Data Analysis, Excel, Java, Project Management",Software Engineer,4,True,False,False,0.42735271237873323,0.0,0.4371074516919108,0.0,0.4371074516919108,0.4556455906274901,0.0,0.4462009285933994,0.4595279952461239,0.0,0.0
7,"Project Management, Leadership, Data Analysis",Project Manager,3,True,False,False,0.42735271237873323,0.0,0.5787580599122357,0.0,0.0,0.0,0.5429867953124721,0.0,0.6084442852085278,0.0,0.0
6,"Deep Learning, Excel, Machine Learning, Project Management, SQL",Project Manager,3,False,True,False,0.08178448134471705,0.0,0.0,0.4290413401745248,0.4431130200518849,0.0,0.0,0.4523314353339715,0.4658416071008072,0.0,0.44492948832842283
7,"Excel, Java, Project Management, SQL, Python, Leadership",Data Analyst,0,False,False,True,0.42735271237873323,0.0,0.0,0.0,0.404994913552932,0.42217112948470475,0.3799634172892649,0.0,0.4257683093470361,0.4083275849836317,0.40665512297882966
1,"SQL, Machine Learning, Leadership, Data Analysis, Communication, Java",Software Engineer,4,False,False,True,-1.646056673825364,0.43087913228491553,0.4028822237949168,0.0,0.0,0.41996883856315353,0.3779813064200563,0.41126368739595753,0.0,0.0,0.40453377259982176
5,"Leadership, Machine Learning, Deep Learning, Java",Project Manager,3,True,False,False,-0.26378374968929913,0.0,0.0,0.48740067705084966,0.0,0.5247355166207774,0.4722736495781671,0.5138587525003517,0.0,0.0,0.0
3,"Java, Data Analysis, SQL, Deep Learning",ML Engineer,2,False,True,False,-0.9549202117573314,0.0,0.49799143750250585,0.48217701595971046,0.0,0.5191117236504923,0.0,0.0,0.0,0.0,0.5000328707425061
3,"Leadership, Project Management, Deep Learning, Python, Communication",Data Analyst,0,True,False,False,-0.9549202117573314,0.4743581239885143,0.0,0.4294509980201215,0.0,0.0,0.4161225039266601,0.0,0.46628640262814874,0.44718593778821536,0.0
9,"Communication, Excel, SQL, Python, Deep Learning, Java",ML Engineer,2,False,False,True,1.1184891744467655,0.42977228712500976,0.0,0.3890860687181876,0.4018472972783906,0.4188900198377958,0.0,0.0,0.0,0.40515406722123964,0.4034946035738211
9,"Python, Excel, Communication",Data Scientist,1,True,False,False,1.1184891744467655,0.6016038517914922,0.0,0.0,0.5625138919307769,0.0,0.0,0.0,0.0,0.5671427747001019,0.0
2,"Excel, Project Management, SQL, Deep Learning",ML Engineer,2,False,False,True,-1.3004884427913477,0.0,0.0,0.4810689920957969,0.49684707271838374,0.0,0.0,0.0,0.5223318394286007,0.0,0.4988838148248964
10,"Leadership, Communication, Java",Project Manager,3,True,False,False,1.4640574054807818,0.6063907285254456,0.0,0.0,0.0,0.5910363043664424,0.531945834911072,0.0,0.0,0.0,0.0
9,"Java, Deep Learning, Machine Learning, Communication, Excel",Data Scientist,1,False,True,False,1.1184891744467655,0.4685541610871574,0.0,0.4241964919108937,0.4381092706581379,0.45668989768014157,0.0,0.44722358915725563,0.0,0.0,0.0
2,"Excel, Communication, Machine Learning, Python, SQL, Data Analysis",ML Engineer,2,False,False,True,-1.3004884427913477,0.42915166657956666,0.4012670023261728,0.0,0.4012670023261728,0.0,0.0,0.4096148632534088,0.0,0.40456899706729976,0.40291192979876567
9,"Data Analysis, Communication, SQL",Software Engineer,4,False,True,False,1.1184891744467655,0.6023963716412037,0.5632549168157841,0.0,0.0,0.0,0.0,0.0,0.0,0.0,0.5655638868566105
5,"SQL, Java, Leadership",Data Analyst,0,True,False,False,-0.26378374968929913,0.0,0.0,0.0,0.0,0.6043553788449209,0.5439332985260046,0.0,0.0,0.0,0.5821435757747676
7,"Project Management, Machine Learning, Java, Data Analysis",Project Manager,3,False,False,True,0.42735271237873323,0.0,0.4859939243145574,0.0,0.0,0.5066053846223557,0.0,0.49610442347880673,0.5109220007063037,0.0,0.0
3,"SQL, Excel, Communication",Data Analyst,0,False,True,False,-0.9549202117573314,0.6023963716412037,0.0,0.0,0.5632549168157841,0.0,0.0,0.0,0.0,0.0,0.5655638868566105
8,"Data Analysis, Python, Project Management, SQL, Leadership",Data Scientist,1,True,False,False,0.7729209434127494,0.0,0.44675973149966425,0.0,0.0,0.0,0.4191468796450961,0.0,0.4696753692440806,0.45043608234687416,0.44859114886449075
10,"Java, Python, Project Management, Excel",ML Engineer,2,True,False,False,1.4640574054807818,0.0,0.0,0.0,0.487464956555995,0.5081388047273836,0.0,0.0,0.5124684865743292,0.4914762675127908,0.0
6,"Communication, Java, Excel, SQL, Leadership, Python",ML Engineer,2,False,True,False,0.08178448134471705,0.4317741353214329,0.0,0.0,0.4037190728939743,0.420841179221109,0.3787664324371804,0.0,0.0,0.40704124553179555,0.40537405222285827
1,"Project Management, SQL, Java",Data Scientist,1,False,False,True,-1.646056673825364,0.0,0.0,0.0,0.0,0.5827206086266741,0.0,0.0,0.5876857772332433,0.0,0.5613039457544524
10,"Leadership, Machine Learning, Deep Learning, Project Management, Communication",ML Engineer,2,False,False,True,1.4640574054807818,0.47317209725181947,0.0,0.4283772515404165,0.0,0.0,0.4150820823750112,0.4516312972891552,0.465120557431224,0.0,0.0
3,"Java, Data Analysis, Project Management, Communication, Excel, SQL",Data Scientist,1,True,False,False,-0.9549202117573314,0.42461994020098487,0.3970297305155113,0.0,0.3970297305155113,0.4138681355286565,0.0,0.0,0.4173945683394492,0.0,0.39865728799563094
10,"Leadership, Communication, Deep Learning, SQL",Project Manager,3,False,True,False,1.4640574054807818,0.536780707530231,0.0,0.4859640826397785,0.0,0.0,0.47088164148826167,0.0,0.0,0.0,0.5039601790982531
4,"SQL, Python, Deep Learning",Software Engineer,4,False,True,False,-0.6093519807233153,0.0,0.0,0.5625676464443565,0.0,0.0,0.0,0.0,0.0,0.585799874035318,0.5834005063027138
7,"Communication, SQL, Leadership, Java, Deep Learning, Machine Learning",Data Scientist,1,False,True,False,0.42735271237873323,0.4330816122757474,0.0,0.392082102551882,0.0,0.4221155495417131,0.3799133941029385,0.4133659011598081,0.0,0.0,0.40660158575902966
3,"Project Management, Machine Learning, Python, Leadership",Software Engineer,4,False,True,False,-0.9549202117573314,0.0,0.0,0.0,0.0,0.0,0.46653822484595747,0.507618306520388,0.5227797787890954,0.501365178818973,0.0
2,"Project Management, Communication, Data Analysis, Excel, Machine Learning",Data Analyst,0,True,False,False,-1.3004884427913477,0.46494933052163057,0.43473866845017806,0.0,0.43473866845017806,0.0,0.0,0.4437828657623804,0.4570377100541586,0.0,0.0
9,"Excel, Java, SQL",Software Engineer,4,True,False,False,1.1184891744467655,0.0,0.0,0.0,0.5684354791678342,0.5925433635059701,0.0,0.0,0.0,0.0,0.5707656860641382
1,"Leadership, Excel, Deep Learning, Communication, Java, Machine Learning",Data Analyst,0,False,False,True,-1.646056673825364,0.4333736212137878,0.0,0.3923464672239104,0.4052146301975349,0.42240016451925577,0.3801695539204296,0.413644616612966,0.0,0.0,0.0
4,"Deep Learning, Excel, SQL, Data Analysis",ML Engineer,2,False,False,True,-0.6093519807233153,0.0,0.503427988979185,0.4874409220647693,0.503427988979185,0.0,0.0,0.0,0.0,0.0,0.5054917084595895
7,"Python, Data Analysis, Java",Data Scientist,1,True,False,False,0.42735271237873323,0.0,0.5676738465798523,0.0,0.0,0.5917494293622055,0.0,0.0,0.0,0.5723451902119369,0.0
8,"Leadership, Project Management, Deep Learning, Excel, Machine Learning, Data Analysis",Software Engineer,4,False,True,False,0.7729209434127494,0.0,0.4094456532234913,0.3964431281370857,0.4094456532234913,0.0,0.3841390703606944,0.41796366081085,0.4304473407162292,0.0,0.0
1,"Python, Java, Excel, Machine Learning, Deep Learning",ML Engineer,2,False,True,False,-1.646056673825364,0.0,0.0,0.4294752650584561,0.4435611767859569,0.4623730242844591,0.0,0.45278891541152294,0.0,0.44721120697688893,0.0
5,"SQL, Data Analysis, Deep Learning, Java, Leadership",Software Engineer,4,False,False,True,-0.26378374968929913,0.0,0.45117709401131,0.43684932807434573,0.0,0.4703119397362185,0.42329121849766554,0.0,0.0,0.0,0.4530266196205466
2,"Machine Learning, SQL, Communication, Project Management, Excel, Deep Learning",Software Engineer,4,True,False,False,-1.3004884427913477,0.42824975712627916,0.0,0.38770767548656615,0.40042369556338003,0.0,0.0,0.40875401254223764,0.4209626199669053,0.0,0.40206516603987336
5,"Excel, Java, Data Analysis, Machine Learning",Project Manager,3,True,False,False,-0.26378374968929913,0.0,0.49214762517512806,0.0,0.49214762517512806,0.5130200697353788,0.0,0.5023861444324178,0.0,0.0,0.0
8,"Deep Learning, Python, Project Management, Excel",Data Scientist,1,True,False,False,0.7729209434127494,0.0,0.0,0.48057631678487145,0.49633823866327753,0.0,0.0,0.0,0.5217969057587426,0.5004225671637162,0.0
10,"Java, SQL, Deep Learning, Data Analysis, Project Management",Project Manager,3,False,False,True,1.4640574054807818,0.0,0.4411863097642799,0.42717581529370474,0.0,0.45989743691443075,0.0,0.0,0.4638160701019385,0.0,0.4429948798117947
7,"Machine Learning, Data Analysis, Python, Java, SQL, Deep Learning",Software Engineer,4,False,False,True,0.42735271237873323,0.0,0.40519059140490277,0.3923231918170947,0.0,0.4223751062187751,0.0,0.41362007772315024,0.0,0.4085248730533239,0.40685160297967543
5,"Communication, Python, Deep Learning",Project Manager,3,False,True,False,-0.26378374968929913,0.6076427618785656,0.0,0.5501176797275038,0.0,0.0,0.0,0.0,0.0,0.5728357638868372,0.0
10,"SQL, Project Management, Machine Learning, Java, Leadership",Data Scientist,1,True,False,False,1.4640574054807818,0.0,0.0,0.0,0.0,0.4605814869596464,0.4145335943245703,0.45103451323056415,0.4645059487102074,0.0,0.44365378904512
8,"Project Management, Leadership, SQL, Data Analysis, Python",Data Scientist,1,False,False,True,0.7729209434127494,0.0,0.44675973149966425,0.0,0.0,0.0,0.4191468796450961,0.0,0.4696753692440806,0.45043608234687416,0.44859114886449075
2,"Excel, Java, Leadership, Machine Learning, Python",Project Manager,3,False,False,True,-1.3004884427913477,0.0,0.0,0.0,0.4460823084389716,0.46500107950667297,0.41851132603077223,0.45536249607304474,0.0,0.4497530848248603,0.0
7,"Python, Data Analysis, SQL, Leadership",Data Scientist,1,False,True,False,0.42735271237873323,0.0,0.5060488173666553,0.0,0.0,0.0,0.4747714885478305,0.0,0.0,0.5102130534588619,0.5081232804980217
1,"Leadership, Excel, Data Analysis, Project Management, Python, SQL",ML Engineer,2,False,False,True,-1.646056673825364,0.0,0.40790293682565487,0.0,0.40790293682565487,0.0,0.3826917045424728,0.0,0.42882549379784085,0.4112595381521545,0.40957506721027703
9,"Leadership, Data Analysis, Excel",Software Engineer,4,False,True,False,1.1184891744467655,0.0,0.5892345557357278,0.0,0.5892345557357278,0.0,0.5528157709887074,0.0,0.0,0.0,0.0
10,"Machine Learning, Project Management, Python",Data Scientist,1,False,True,False,1.4640574054807818,0.0,0.0,0.0,0.0,0.0,0.0,0.5739035740914834,0.5910448454202207,0.5668339071961104,0.0
1,"Python, Leadership, SQL, Java, Communication",ML Engineer,2,True,False,False,-1.646056673825364,0.47194464608787495,0.0,0.0,0.0,0.4599945321848722,0.4140053219571783,0.0,0.0,0.4449107087497544,0.4430884065510348
3,"Excel, Machine Learning, Project Management, Communication, Leadership",Software Engineer,4,False,False,True,-0.9549202117573314,0.4703038272840445,0.0,0.0,0.43974525011382093,0.0,0.4125659418883837,0.4488936031308449,0.4623010942083858,0.0,0.0
10,"Project Management, Python, Leadership",Data Analyst,0,True,False,False,1.4640574054807818,0.0,0.0,0.0,0.0,0.0,0.5414901769073235,0.0,0.6067672482646984,0.5819122740982196,0.0
7,"Machine Learning, Data Analysis, Deep Learning",Software Engineer,4,True,False,False,0.42735271237873323,0.0,0.5793295548077475,0.5609321264546072,0.0,0.0,0.0,0.5913817856827935,0.0,0.0,0.0
4,"Excel, Machine Learning, SQL, Java, Communication, Python",Software Engineer,4,True,False,False,-0.6093519807233153,0.42618987403560027,0.0,0.0,0.3984976559431055,0.4153983170569382,0.0,0.40678790406308063,0.0,0.4017768619496985,0.4001312309398651
3,"Excel, SQL, Machine Learning, Python, Leadership, Data Analysis",ML Engineer,2,False,False,True,-0.9549202117573314,0.0,0.41006385016645913,0.0,0.41006385016645913,0.0,0.38471905844238946,0.41859471857236413,0.0,0.413438233479631,0.41174483885664737
10,"Communication, Java, Excel, Leadership",Data Scientist,1,False,False,True,1.4640574054807818,0.5275002732682402,0.0,0.0,0.49322528575416685,0.5141434349151109,0.4627405401824476,0.0,0.0,0.0,0.0
10,"SQL, Leadership, Deep Learning, Machine Learning, Communication, Java",Software Engineer,4,False,False,True,1.4640574054807818,0.4330816122757474,0.0,0.392082102551882,0.0,0.4221155495417131,0.3799133941029385,0.4133659011598081,0.0,0.0,0.40660158575902966
6,"Communication, Project Management, SQL",Data Analyst,0,False,True,False,0.08178448134471705,0.5925870706869212,0.0,0.0,0.0,0.0,0.0,0.0,0.582503554721975,0.0,0.556354358651891
9,"Deep Learning, Excel, Machine Learning",Data Analyst,0,False,True,False,1.1184891744467655,0.0,0.0,0.5609321264546072,0.5793295548077475,0.0,0.0,0.5913817856827935,0.0,0.0,0.0
4,"Python, Deep Learning, Java",Software Engineer,4,True,False,False,-0.6093519807233153,0.0,0.0,0.5552671746729309,0.0,0.59780058067946,0.0,0.0,0.0,0.5781979163487546,0.0
10,"Python, Leadership, Data Analysis, Deep Learning, Project Management, Machine Learning",ML Engineer,2,False,True,False,1.4640574054807818,0.0,0.4088796567830498,0.3958951057131168,0.0,0.0,0.3836080564282056,0.4173858895183955,0.4298523126319772,0.4122442954615973,0.0
10,"Data Analysis, Project Management, Deep Learning, SQL, Leadership, Excel",Data Analyst,0,False,True,False,1.4640574054807818,0.0,0.4106115130827711,0.39757196446968207,0.4106115130827711,0.0,0.38523287198977196,0.0,0.4316730010013583,0.0,0.41229474682618206
2,"Leadership, Communication, Data Analysis, SQL",Data Scientist,1,False,True,False,-1.3004884427913477,0.5326040933523383,0.4979974787690073,0.0,0.0,0.0,0.46721777855064195,0.0,0.0,0.0,0.5000389367741769
10,"Communication, Python, Data Analysis, Leadership, Project Management, SQL",Data Scientist,1,True,False,False,1.4640574054807818,0.43112126470763346,0.4031086233617748,0.0,0.0,0.0,0.3781937129225022,0.0,0.42378526571179315,0.4064257726581965,0.40476110025412565
1,"Deep Learning, Excel, Python",Data Scientist,1,True,False,False,-1.646056673825364,0.0,0.0,0.5633493859449261,0.5818260954734293,0.0,0.0,0.0,0.0,0.5866138968534741,0.0
1,"Machine Learning, Communication, Project Management, Python, Data Analysis",Data Scientist,1,False,True,False,-1.646056673825364,0.46422494051293123,0.4340613465848745,0.0,0.0,0.0,0.0,0.44309145305805503,0.45632564633231043,0.4376332034169613,0.0
9,"Excel, Java, Project Management, Deep Learning, Python, Communication",Data Scientist,1,True,False,False,1.1184891744467655,0.42644536241246567,0.0,0.3860741014599343,0.39873654364434885,0.4156473362107077,0.0,0.0,0.4191889289990961,0.40201771543912945,0.0
4,"Deep Learning, Excel, Java",ML Engineer,2,False,False,True,-0.6093519807233153,0.0,0.0,0.5567822616884457,0.5750435829510665,0.5994317231978128,0.0,0.0,0.0,0.0,0.0
8,"Python, Excel, Deep Learning, Java",ML Engineer,2,False,False,True,0.7729209434127494,0.0,0.0,0.4816809320467561,0.49747908305018446,0.5185776397630294,0.0,0.0,0.0,0.5015727994697498,0.0
10,"Python, SQL, Data Analysis, Leadership",Data Scientist,1,True,False,False,1.4640574054807818,0.0,0.5060488173666553,0.0,0.0,0.0,0.4747714885478305,0.0,0.0,0.5102130534588619,0.5081232804980217
10,"Project Management, Machine Learning, Java, Excel, Leadership, Communication",Software Engineer,4,False,True,False,1.4640574054807818,0.4275266368579189,0.0,0.0,0.39974756093545494,0.4167012316978643,0.3750403874794158,0.4080638117742878,0.42025180437937815,0.0,0.0
6,"Python, Java, Data Analysis, Deep Learning",ML Engineer,2,True,False,False,0.08178448134471705,0.0,0.49747908305018446,0.4816809320467561,0.0,0.5185776397630294,0.0,0.0,0.0,0.5015727994697498,0.0
1,"Project Management, Excel, Leadership, Python, Deep Learning",Data Analyst,0,True,False,False,-1.646056673825364,0.0,0.0,0.43565788720967946,0.44994657631914375,0.0,0.4221367553384898,0.0,0.4730256768295209,0.4536491514628288,0.0
6,"Project Management, SQL, Data Analysis",Data Analyst,0,False,False,True,0.08178448134471705,0.0,0.566735320111911,0.0,0.0,0.0,0.0,0.0,0.5958048632622209,0.0,0.5690585574883625
1,"SQL, Machine Learning, Data Analysis, Excel, Deep Learning, Python",Data Scientist,1,False,True,False,-1.646056673825364,0.0,0.4081028622375371,0.39514297937566906,0.4081028622375371,0.0,0.0,0.4165929347284635,0.0,0.41146110873459607,0.40977581218320114
9,"Python, Project Management, Deep Learning",Software Engineer,4,False,False,True,1.1184891744467655,0.0,0.0,0.5535769358454427,0.0,0.0,0.0,0.0,0.6010590246228529,0.5764378761144997,0.0
9,"SQL, Deep Learning, Leadership, Machine Learning, Communication",Data Analyst,0,False,True,False,1.1184891744467655,0.47772921180725725,0.0,0.4325029474966054,0.0,0.0,0.41907973272311677,0.45598095266934624,0.0,0.0,0.44851928499925353
9,"Communication, Deep Learning, Project Management, Machine Learning, Leadership",Data Analyst,0,True,False,False,1.1184891744467655,0.47317209725181947,0.0,0.4283772515404165,0.0,0.0,0.4150820823750112,0.4516312972891552,0.465120557431224,0.0,0.0
8,"Java, Communication, Python",Software Engineer,4,False,True,False,0.7729209434127494,0.5935249778127278,0.0,0.0,0.0,0.5784963274234646,0.0,0.0,0.0,0.559526674851132,0.0
7,"Leadership, SQL, Excel",Software Engineer,4,False,False,True,0.42735271237873323,0.0,0.0,0.0,0.5883959857608324,0.0,0.5520290304578147,0.0,0.0,0.0,0.5908080174408126
6,"Data Analysis, Machine Learning, Communication, Python, Deep Learning, Leadership",Data Scientist,1,False,True,False,0.08178448134471705,0.4358893200784793,0.40756686839396505,0.39462400677372533,0.0,0.0,0.3823764074721277,0.4160457901995919,0.0,0.41092070423965593,0.0
5,"Python, Excel, Java, SQL, Deep Learning, Leadership",ML Engineer,2,False,False,True,-0.26378374968929913,0.0,0.0,0.3976413868277665,0.41068321235244376,0.4281006743966867,0.3853001397469963,0.0,0.0,0.4140626923485452,0.4123667400151099
2,"Project Management, Data Analysis, Excel, Leadership, Java",Data Analyst,0,False,False,True,-1.3004884427913477,0.0,0.444026107127098,0.0,0.444026107127098,0.4628576727594963,0.41658221222971203,0.0,0.4668015291326411,0.0,0.0
3,"Java, Deep Learning, Excel, Machine Learning, SQL, Python",Data Scientist,1,True,False,False,-0.9549202117573314,0.0,0.0,0.3923231918170947,0.40519059140490277,0.4223751062187751,0.0,0.41362007772315024,0.0,0.4085248730533239,0.40685160297967543
4,"Excel, Data Analysis, SQL, Machine Learning",Project Manager,3,False,False,True,-0.6093519807233153,0.0,0.4968883045304059,0.0,0.4968883045304059,0.0,0.0,0.5072254477256947,0.0,0.0,0.4989252156598882
8,"Project Management, Java, Machine Learning, SQL",Data Scientist,1,False,True,False,0.7729209434127494,0.0,0.0,0.0,0.0,0.5061145868710895,0.0,0.4956237990266641,0.5104270210305427,0.0,0.48751341622212724
7,"Machine Learning, Data Analysis, Communication, Deep Learning, Java",Project Manager,3,True,False,False,0.42735271237873323,0.4685541610871574,0.4381092706581379,0.4241964919108937,0.0,0.45668989768014157,0.0,0.44722358915725563,0.0,0.0,0.0
3,"Data Analysis, Excel, Python, Deep Learning",Project Manager,3,False,True,False,-0.9549202117573314,0.0,0.5028986885435437,0.4869284303121328,0.5028986885435437,0.0,0.0,0.0,0.0,0.5070370024723343,0.0
2,"Machine Learning, Python, Project Management",ML Engineer,2,False,False,True,-1.3004884427913477,0.0,0.0,0.0,0.0,0.0,0.0,0.5739035740914834,0.5910448454202207,0.5668339071961104,0.0
10,"Leadership, Communication, Machine Learning, Excel, Data Analysis",Software Engineer,4,True,False,False,1.4640574054807818,0.47516259703333075,0.44428831524468354,0.0,0.44428831524468354,0.0,0.41682821406594434,0.45353118108154056,0.0,0.0,0.0
9,"Data Analysis, Project Management, Leadership",Software Engineer,4,False,True,False,1.1184891744467655,0.0,0.5787580599122357,0.0,0.0,0.0,0.5429867953124721,0.0,0.6084442852085278,0.0,0.0
3,"Java, Excel, SQL, Data Analysis, Project Management",Project Manager,3,True,False,False,-0.9549202117573314,0.0,0.43852677595419964,0.0,0.43852677595419964,0.4571251097692465,0.0,0.0,0.4610201208786869,0.0,0.440324443684297
5,"Leadership, Data Analysis, Machine Learning, Java, Deep Learning, Communication",Data Scientist,1,False,True,False,-0.26378374968929913,0.4333736212137878,0.4052146301975349,0.3923464672239104,0.0,0.42240016451925577,0.3801695539204296,0.413644616612966,0.0,0.0,0.0
8,"Leadership, Machine Learning, Communication, Python, Excel, Deep Learning",Data Analyst,0,False,False,True,0.7729209434127494,0.4358893200784793,0.0,0.39462400677372533,0.40756686839396505,0.0,0.3823764074721277,0.4160457901995919,0.0,0.41092070423965593,0.0
1,"SQL, Deep Learning, Python, Project Management, Machine Learning, Excel",ML Engineer,2,False,True,False,-1.646056673825364,0.0,0.0,0.3917256511603469,0.40457345263476097,0.0,0.0,0.41299010014843174,0.4253252304426338,0.4079026558965674,0.4062319343515799
5,"Python, Excel, Machine Learning, Deep Learning, Data Analysis",Project Manager,3,False,False,True,-0.26378374968929913,0.0,0.44738983416055506,0.43318233800989936,0.44738983416055506,0.0,0.0,0.45669722324109474,0.0,0.4510713700732215,0.0
2,"Data Analysis, Deep Learning, Python, Leadership",Data Analyst,0,True,False,False,-1.3004884427913477,0.0,0.5106943646670684,0.4944765437284615,0.0,0.0,0.47912990878565204,0.0,0.0,0.5148968286042429,0.0
7,"Machine Learning, Data Analysis, Deep Learning, Leadership, Python",Data Scientist,1,True,False,False,0.42735271237873323,0.0,0.45285193604487034,0.43847098313330835,0.0,0.0,0.42486254367039045,0.4622729573618918,0.0,0.4565784191662356,0.0
10,"Leadership, Excel, Data Analysis, Deep Learning, Java, SQL",Software Engineer,4,False,False,True,1.4640574054807818,0.0,0.41125674219108727,0.39819670341623614,0.41125674219108727,0.4286985281762544,0.38583822146139757,0.0,0.0,0.0,0.41294262094413087
1,"Data Analysis, Deep Learning, SQL, Leadership",Data Scientist,1,True,False,False,-1.646056673825364,0.0,0.5112486908198824,0.49501326647127164,0.0,0.0,0.4796499737352789,0.0,0.0,0.0,0.5133444699693805
1,"Communication, Data Analysis, Project Management, Machine Learning",Data Analyst,0,True,False,False,-1.646056673825364,0.5162910379603259,0.4827443844769455,0.0,0.0,0.0,0.0,0.4927872810063292,0.5075057822884518,0.0,0.0
9,"Leadership, Java, Excel, Project Management, Data Analysis",ML Engineer,2,False,False,True,1.1184891744467655,0.0,0.444026107127098,0.0,0.444026107127098,0.4628576727594963,0.41658221222971203,0.0,0.4668015291326411,0.0,0.0
6,"Excel, Deep Learning, Project Management, Python, Data Analysis, Java",ML Engineer,2,False,True,False,0.08178448134471705,0.0,0.4033747546650483,0.39056501953790035,0.4033747546650483,0.42048225813162504,0.0,0.0,0.4240650476825469,0.40669409393512534,0.0
4,"Java, Python, Leadership, Deep Learning, SQL",ML Engineer,2,True,False,False,-0.6093519807233153,0.0,0.0,0.43611640586167727,0.0,0.46952287576069324,0.42258104334910346,0.0,0.0,0.4541266054548612,0.45226655602169974
5,"Python, Excel, Communication, Deep Learning, SQL, Machine Learning",ML Engineer,2,True,False,False,-0.26378374968929913,0.4313276285769862,0.0,0.3904941671675135,0.40330157848158965,0.0,0.0,0.4116917662353348,0.0,0.4066203155905831,0.404954846361427
9,"Deep Learning, Excel, Leadership, Java",ML Engineer,2,False,True,False,1.1184891744467655,0.0,0.0,0.4900177267246813,0.5060893075702394,0.527553032018847,0.4748094761758369,0.0,0.0,0.0,0.0
8,"Communication, Excel, Leadership",Data Scientist,1,True,False,False,0.7729209434127494,0.6150141986117429,0.0,0.0,0.5750528847572645,0.0,0.5395106256954575,0.0,0.0,0.0,0.0
9,"Data Analysis, Deep Learning, Communication, Machine Learning",ML Engineer,2,False,False,True,1.1184891744467655,0.5266867037542909,0.49246457893308343,0.4768256705912029,0.0,0.0,0.0,0.5027096920191118,0.0,0.0,0.0
9,"Leadership, Python, Machine Learning",Data Scientist,1,True,False,False,1.1184891744467655,0.0,0.0,0.0,0.0,0.0,0.5472796039688674,0.5954692048042851,0.0,0.5881338803448004,0.0
2,"Leadership, Python, Communication",Software Engineer,4,False,False,True,-1.3004884427913477,0.6133405999478267,0.0,0.0,0.0,0.0,0.5380424900583117,0.0,0.0,0.5782072183460626,0.0
4,"Deep Learning, SQL, Java",Data Analyst,0,False,False,True,-0.6093519807233153,0.0,0.0,0.5560275072117585,0.0,0.5986191546091874,0.0,0.0,0.0,0.0,0.5766181743223672
6,"Leadership, Machine Learning, Project Management, Java",Data Analyst,0,False,True,False,0.08178448134471705,0.0,0.0,0.0,0.0,0.5139281218996272,0.4625467536740004,0.5032753744112285,0.5183071325937966,0.0,0.0
1,"Deep Learning, Python, SQL",Project Manager,3,False,True,False,-1.646056673825364,0.0,0.0,0.5625676464443565,0.0,0.0,0.0,0.0,0.0,0.585799874035318,0.5834005063027138
2,"SQL, Python, Leadership",Data Analyst,0,False,False,True,-1.3004884427913477,0.0,0.0,0.0,0.0,0.0,0.550456609623014,0.0,0.0,0.5915480486231361,0.5891251370400828
6,"Machine Learning, Java, Project Management, Deep Learning, Excel",Project Manager,3,False,True,False,0.08178448134471705,0.0,0.0,0.4257764910201096,0.4397410905118591,0.4583909245516087,0.0,0.44888935699353755,0.4622967212480458,0.0,0.0
6,"Project Management, Data Analysis, Communication, Python, SQL, Leadership",Project Manager,3,False,True,False,0.08178448134471705,0.43112126470763346,0.4031086233617748,0.0,0.0,0.0,0.3781937129225022,0.0,0.42378526571179315,0.4064257726581965,0.40476110025412565
10,"Java, Machine Learning, Data Analysis, Project Management, Excel",Software Engineer,4,False,False,True,1.4640574054807818,0.0,0.4371074516919108,0.0,0.4371074516919108,0.4556455906274901,0.0,0.4462009285933994,0.4595279952461239,0.0,0.0
8,"Leadership, Communication, Excel, Data Analysis",Data Scientist,1,False,True,False,0.7729209434127494,0.5331475008205944,0.4985055776599348,0.0,0.4985055776599348,0.0,0.46769447340397735,0.0,0.0,0.0,0.0
8,"Data Analysis, Java, Deep Learning, Excel",Data Scientist,1,True,False,False,0.7729209434127494,0.0,0.49849951788336183,0.4826689615303762,0.49849951788336183,0.5196413521990912,0.0,0.0,0.0,0.0,0.0
9,"Deep Learning, Excel, Python, SQL, Machine Learning, Leadership",Software Engineer,4,False,True,False,1.1184891744467655,0.0,0.0,0.3991447907373504,0.4122359248403885,0.0,0.3867568838275861,0.42081198055847324,0.0,0.4156281819859689,0.4139258175901754
5,"Machine Learning, Deep Learning, Data Analysis",Data Scientist,1,False,True,False,-0.26378374968929913,0.0,0.5793295548077475,0.5609321264546072,0.0,0.0,0.0,0.5913817856827935,0.0,0.0,0.0
5,"Deep Learning, Leadership, Python, Machine Learning",Data Scientist,1,True,False,False,-0.26378374968929913,0.0,0.0,0.4917877951603049,0.0,0.0,0.4765246085493766,0.5184840210831468,0.0,0.5120970434006432,0.0
10,"SQL, Deep Learning, Leadership, Communication",ML Engineer,2,False,True,False,1.4640574054807818,0.536780707530231,0.0,0.4859640826397785,0.0,0.0,0.47088164148826167,0.0,0.0,0.0,0.5039601790982531
3,"Java, SQL, Leadership, Python, Communication",Data Analyst,0,False,False,True,-0.9549202117573314,0.47194464608787495,0.0,0.0,0.0,0.4599945321848722,0.4140053219571783,0.0,0.0,0.4449107087497544,0.4430884065510348
1,"Project Management, Communication, Machine Learning",Project Manager,3,False,False,True,-1.646056673825364,0.5895339704845275,0.0,0.0,0.0,0.0,0.0,0.5626958847158223,0.5795024063527486,0.0,0.0
1,"Excel, Leadership, Machine Learning",Project Manager,3,False,False,True,-1.646056673825364,0.0,0.0,0.0,0.5849807492744833,0.0,0.5488248792875691,0.5971505462220137,0.0,0.0,0.0
4,"Data Analysis, Leadership, Excel, Java",Data Analyst,0,True,False,False,-0.6093519807233153,0.0,0.5020863113865129,0.0,0.5020863113865129,0.523380264994735,0.4710538929364791,0.0,0.0,0.0,0.0
9,"Excel, SQL, Communication",Software Engineer,4,True,False,False,1.1184891744467655,0.6023963716412037,0.0,0.0,0.5632549168157841,0.0,0.0,0.0,0.0,0.0,0.5655638868566105
6,"Leadership, Machine Learning, Project Management",Project Manager,3,True,False,False,0.08178448134471705,0.0,0.0,0.0,0.0,0.0,0.5392035730128653,0.5866820552440414,0.6042049924527167,0.0,0.0
8,"Deep Learning, Project Management, SQL, Machine Learning, Leadership",Software Engineer,4,False,True,False,0.7729209434127494,0.0,0.0,0.4341779633727606,0.0,0.0,0.4207027626001365,0.4577468951660769,0.4714188151264117,0.0,0.4502563296309353
3,"Project Management, Excel, Data Analysis, SQL, Communication",Data Analyst,0,False,False,True,-0.9549202117573314,0.46644266219323915,0.4361349690357521,0.0,0.4361349690357521,0.0,0.0,0.0,0.4585056310570293,0.0,0.4379228319503862
10,"Python, Excel, Machine Learning",Data Analyst,0,False,False,True,1.4640574054807818,0.0,0.0,0.0,0.5717959582067149,0.0,0.0,0.5836914619740178,0.0,0.5765012223725968,0.0
4,"Machine Learning, SQL, Data Analysis",Software Engineer,4,False,False,True,-0.6093519807233153,0.0,0.5725743259827633,0.0,0.0,0.0,0.0,0.5844860227235901,0.0,0.0,0.5749214993946073
5,"Data Analysis, Excel, Java, Project Management",Data Analyst,0,False,True,False,-0.26378374968929913,0.0,0.4884248824620657,0.0,0.4884248824620657,0.5091394419957195,0.0,0.0,0.5134776499402113,0.0,0.0
8,"Machine Learning, Java, Excel",Software Engineer,4,False,False,True,0.7729209434127494,0.0,0.0,0.0,0.5653543706099081,0.5893315822306119,0.0,0.5771158651586682,0.0,0.0,0.0
4,"Java, Python, Deep Learning, Data Analysis, SQL, Leadership",Software Engineer,4,False,True,False,-0.6093519807233153,0.0,0.41068321235244376,0.3976413868277665,0.0,0.4281006743966867,0.3853001397469963,0.0,0.0,0.4140626923485452,0.4123667400151099
10,"Leadership, Java, Deep Learning, Python, Data Analysis, SQL",ML Engineer,2,False,False,True,1.4640574054807818,0.0,0.41068321235244376,0.3976413868277665,0.0,0.4281006743966867,0.3853001397469963,0.0,0.0,0.4140626923485452,0.4123667400151099
8,"Data Analysis, Communication, Machine Learning, Python, Java",Project Manager,3,False,False,True,0.7729209434127494,0.4650403422359934,0.43482376656500077,0.0,0.0,0.4532650522623113,0.0,0.44386973423764536,0.0,0.43840189729140316,0.0
7,"Excel, Deep Learning, Data Analysis",ML Engineer,2,False,True,False,0.42735271237873323,0.0,0.5834603985359643,0.5649317894051522,0.5834603985359643,0.0,0.0,0.0,0.0,0.0,0.0
7,"Data Analysis, Python, Java, SQL",Data Scientist,1,False,True,False,0.42735271237873323,0.0,0.49318193719273906,0.0,0.0,0.5140982479003434,0.0,0.0,0.0,0.4972402927355293,0.49520365468451405
3,"SQL, Deep Learning, Communication, Python",Software Engineer,4,False,False,True,-0.9549202117573314,0.5277950348216859,0.0,0.47782907679204417,0.0,0.0,0.0,0.0,0.0,0.4975618750284421,0.4955239198139873
7,"Machine Learning, Leadership, Deep Learning",ML Engineer,2,False,True,False,0.42735271237873323,0.0,0.0,0.5725602442634896,0.0,0.0,0.5547901939690456,0.6036411246466908,0.0,0.0,0.0
1,"Project Management, Python, Java, Communication, SQL, Deep Learning",Software Engineer,4,False,False,True,-1.646056673825364,0.42616712672515356,0.0,0.38582220613537177,0.0,0.41537614573130893,0.0,0.0,0.4189154277957676,0.40175541765088746,0.4001098744743925
6,"Excel, Java, Project Management",ML Engineer,2,True,False,False,0.08178448134471705,0.0,0.0,0.0,0.5597313261499811,0.5834700591562489,0.0,0.0,0.5884416135816593,0.0,0.0
8,"Machine Learning, Communication, Java, Leadership, Data Analysis",Software Engineer,4,False,False,True,0.7729209434127494,0.47115174154241835,0.4405380700867668,0.0,0.0,0.459221704781324,0.41330976008494563,0.44970291673729695,0.0,0.0,0.0
1,"Java, Data Analysis, Deep Learning, Leadership",ML Engineer,2,False,False,True,-1.646056673825364,0.0,0.5060893075702394,0.4900177267246813,0.0,0.527553032018847,0.4748094761758369,0.0,0.0,0.0,0.0
4,"Python, Deep Learning, Project Management",Software Engineer,4,False,False,True,-0.6093519807233153,0.0,0.0,0.5535769358454427,0.0,0.0,0.0,0.0,0.6010590246228529,0.5764378761144997,0.0
7,"Communication, Data Analysis, SQL, Java, Leadership",Software Engineer,4,True,False,False,0.42735271237873323,0.4727058383125831,0.44199118748290583,0.0,0.0,0.46073645025558213,0.4146730647415788,0.0,0.0,0.0,0.4438030569930322
5,"Deep Learning, SQL, Java, Project Management, Leadership, Data Analysis",ML Engineer,2,False,False,True,-0.26378374968929913,0.0,0.4076455959149546,0.3947002341910782,0.0,0.42493422978357803,0.3824502690859625,0.0,0.4285549531050863,0.0,0.4093166713732275
7,"Leadership, Data Analysis, Python",ML Engineer,2,True,False,False,0.42735271237873323,0.0,0.5875513902901273,0.0,0.0,0.0,0.5512366368485696,0.0,0.0,0.5923863046729023,0.0
10,"Data Analysis, Deep Learning, Leadership, Communication",Project Manager,3,False,True,False,1.4640574054807818,0.5373370129195385,0.5024228709901726,0.4864677230172918,0.0,0.0,0.4713696508209576,0.0,0.0,0.0,0.0
2,"Excel, SQL, Leadership, Data Analysis",Data Analyst,0,True,False,False,-1.3004884427913477,0.0,0.5071230157905534,0.0,0.5071230157905534,0.0,0.47577929405435004,0.0,0.0,0.0,0.50920188242006
7,"SQL, Data Analysis, Communication",Software Engineer,4,True,False,False,0.42735271237873323,0.6023963716412037,0.5632549168157841,0.0,0.0,0.0,0.0,0.0,0.0,0.0,0.5655638868566105
2,"Excel, Leadership, Project Management",Project Manager,3,False,True,False,-1.3004884427913477,0.0,0.0,0.0,0.5787580599122357,0.0,0.5429867953124721,0.0,0.6084442852085278,0.0,0.0
3,"Data Analysis, SQL, Python",Project Manager,3,False,False,True,-0.9549202117573314,0.0,0.5749841871710695,0.0,0.0,0.0,0.0,0.0,0.0,0.5797156870234464,0.5773412394088594
5,"Data Analysis, Machine Learning, Java, Excel, Project Management, Leadership",Data Scientist,1,False,False,True,-0.26378374968929913,0.0,0.4044215584686202,0.0,0.4044215584686202,0.4215734578709647,0.37942549952816496,0.41283504601307536,0.42516554517214467,0.0,0.0
7,"Java, Data Analysis, Machine Learning, Communication, Leadership, Deep Learning",Project Manager,3,False,True,False,0.42735271237873323,0.4333736212137878,0.4052146301975349,0.3923464672239104,0.0,0.42240016451925577,0.3801695539204296,0.413644616612966,0.0,0.0,0.0
8,"Excel, Python, Leadership, Machine Learning, Java, Data Analysis",Project Manager,3,False,False,True,0.7729209434127494,0.0,0.40738714706492324,0.0,0.40738714706492324,0.4246648198742669,0.3822077941684607,0.41586232999181905,0.0,0.41073950399787046,0.0
7,"SQL, Java, Project Management",Project Manager,3,False,True,False,0.42735271237873323,0.0,0.0,0.0,0.0,0.5827206086266741,0.0,0.0,0.5876857772332433,0.0,0.5613039457544524
6,"SQL, Data Analysis, Java, Leadership",ML Engineer,2,False,True,False,0.08178448134471705,0.0,0.5015671961748189,0.0,0.0,0.5228391336177235,0.47056686264745223,0.0,0.0,0.0,0.5036232876439817
1,"Machine Learning, Data Analysis, Deep Learning, Leadership, Python",Data Scientist,1,False,True,False,-1.646056673825364,0.0,0.45285193604487034,0.43847098313330835,0.0,0.0,0.42486254367039045,0.4622729573618918,0.0,0.4565784191662356,0.0
3,"Java, Project Management, Communication, Machine Learning",ML Engineer,2,True,False,False,-0.9549202117573314,0.5111576382139364,0.0,0.0,0.0,0.49821461184488847,0.0,0.48788757538034033,0.5024597329431387,0.0,0.0
8,"Communication, Data Analysis, Leadership, Deep Learning, Excel, Python",Software Engineer,4,False,False,True,0.7729209434127494,0.43741932141610956,0.40899745598832105,0.39600916403822567,0.40899745598832105,0.0,0.3837185748250816,0.0,0.0,0.4123630640273045,0.0
9,"Java, Communication, Project Management",ML Engineer,2,False,False,True,1.1184891744467655,0.5855812197028962,0.0,0.0,0.0,0.5707537132719707,0.0,0.0,0.5756169159410843,0.0,0.0
6,"Project Management, Data Analysis, Machine Learning, Communication, Deep Learning, SQL",Project Manager,3,True,False,False,0.08178448134471705,0.42824975712627916,0.40042369556338003,0.38770767548656615,0.0,0.0,0.0,0.40875401254223764,0.4209626199669053,0.0,0.40206516603987336
1,"SQL, Excel, Project Management, Leadership, Machine Learning",Data Analyst,0,False,True,False,-1.646056673825364,0.0,0.0,0.0,0.4456264743046967,0.0,0.4180836656094185,0.45489717887652764,0.46848398391105556,0.0,0.44745324606975373
9,"Leadership, Machine Learning, SQL",Data Scientist,1,True,False,False,1.1184891744467655,0.0,0.0,0.0,0.0,0.0,0.5480550313427646,0.5963129108703791,0.0,0.0,0.5865548524640953
2,"Leadership, Excel, Communication, Java, SQL, Deep Learning",Data Analyst,0,False,True,False,-1.3004884427913477,0.43458213633922665,0.0,0.3934405731335516,0.40634462054690423,0.4235780788241912,0.3812297030242384,0.0,0.0,0.0,0.40801036287259546
6,"Java, Excel, Project Management, Machine Learning",ML Engineer,2,False,False,True,0.08178448134471705,0.0,0.0,0.0,0.4859939243145574,0.5066053846223557,0.0,0.49610442347880673,0.5109220007063037,0.0,0.0
5,"Python, SQL, Communication, Java, Data Analysis, Excel",Data Analyst,0,False,False,True,-0.26378374968929913,0.4276196624440616,0.39983454206822927,0.0,0.39983454206822927,0.4167919017824465,0.0,0.0,0.0,0.4031247492060617,0.4014735974077586
6,"Excel, Python, Project Management, Machine Learning",Data Analyst,0,False,True,False,0.08178448134471705,0.0,0.0,0.0,0.49006757288368874,0.0,0.0,0.5002628192400181,0.5152045988479377,0.49410030056644855,0.0
2,"Deep Learning, Machine Learning, Excel, SQL, Java",Project Manager,3,False,True,False,-1.3004884427913477,0.0,0.0,0.4298267880035462,0.44392422896585415,0.4627514738494289,0.0,0.4531595204404946,0.0,0.0,0.4457440226586881
1,"Leadership, Deep Learning, Python, Excel, SQL",Data Analyst,0,True,False,False,-1.646056673825364,0.0,0.0,0.43999969501782854,0.45443078655765173,0.0,0.42634381026448787,0.0,0.0,0.4581702619162556,0.4562936501394248
2,"Machine Learning, Java, Data Analysis",Data Analyst,0,True,False,False,-1.3004884427913477,0.0,0.5653543706099081,0.0,0.0,0.5893315822306119,0.0,0.5771158651586682,0.0,0.0,0.0
8,"Excel, Communication, Deep Learning, Python",Data Analyst,0,False,False,True,0.7729209434127494,0.5283238404289243,0.0,0.47830782077112405,0.49399534061243155,0.0,0.0,0.0,0.0,0.49806038958826926,0.0
7,"Java, Deep Learning, Leadership, Communication, Data Analysis, SQL",Data Scientist,1,False,True,False,0.42735271237873323,0.43458213633922665,0.40634462054690423,0.3934405731335516,0.0,0.4235780788241912,0.3812297030242384,0.0,0.0,0.0,0.40801036287259546
7,"Leadership, Java, Excel, Deep Learning, Project Management",Data Scientist,1,False,False,True,0.42735271237873323,0.0,0.0,0.43259922055026134,0.44678759163893683,0.4657362744317741,0.41917301783441624,0.0,0.4697046584129054,0.0,0.0
10,"Excel, Python, SQL, Data Analysis, Deep Learning",Project Manager,3,True,False,False,1.4640574054807818,0.0,0.4489120496721633,0.43465621341770927,0.4489120496721633,0.0,0.0,0.0,0.0,0.4526061117770785,0.4507522901080901
4,"SQL, Data Analysis, Communication, Project Management, Leadership",Data Scientist,1,False,True,False,-0.6093519807233153,0.47184952106286926,0.44119051051345226,0.0,0.0,0.0,0.41392187516541973,0.0,0.4638204863200519,0.0,0.44299909778124097
7,"Machine Learning, Deep Learning, Data Analysis, Project Management, Communication, Excel",Data Scientist,1,True,False,False,0.42735271237873323,0.4285320946085996,0.4006876878159979,0.38796328429229615,0.4006876878159979,0.0,0.0,0.4090234968253438,0.42124015316872204,0.0,0.0
10,"Excel, Machine Learning, Java, Data Analysis, Deep Learning, Project Management",ML Engineer,2,True,False,False,1.4640574054807818,0.0,0.40254004047851955,0.38975681287945224,0.40254004047851955,0.41961214292985055,0.0,0.41091438538123637,0.42318751851836917,0.0,0.0
10,"Project Management, Java, Deep Learning",Data Scientist,1,False,True,False,1.4640574054807818,0.0,0.0,0.5473419426531012,0.0,0.5892682767371924,0.0,0.0,0.5942892358472504,0.0,0.0
